project_name,total,lost_coverage_lines,improve_coverage_lines
commons-io,-2.0,0.0,-2.0
unix4j,275.0,276.7142857142857,-1.7142857142857142
jfreechart,-4.333333333333333,2.6666666666666665,-7.0
pippo,2.5,2.5,0.0
elastic-job-lite,0.0,0.0,0.0
wikidata-toolkit,0.0,0.0,0.0
marine-api,2.571428571428572,2.571428571428572,0.0
redpipe,0.0,0.0,0.0
média,34.217261904761905,35.55654761904762,-1.3392857142857144
sum,273.73809523809524,284.45238095238096,-10.714285714285715
